date,region,value
2021-01,전국,377003
2021-01,서울,75765
2021-01,부산,40147
2021-01,대구,19904
2021-01,인천,23994
2021-01,광주,3262
2021-01,대전,9333
2021-01,울산,10741
2021-01,세종,4903
2021-01,경기,98908
2021-01,강원,9561
2021-01,충북,11061
2021-01,충남,16312
2021-01,전북,8504
2021-01,전남,4407
2021-01,경북,14469
2021-01,경남,24619
2021-01,제주,1113
2021-02,전국,386644
2021-02,서울,78437
2021-02,부산,41183
2021-02,대구,22602
2021-02,인천,22695
2021-02,광주,3677
2021-02,대전,9316
2021-02,울산,11491
2021-02,세종,5215
2021-02,경기,100897
2021-02,강원,9687
2021-02,충북,10986
2021-02,충남,16769
2021-02,전북,8474
2021-02,전남,4381
2021-02,경북,14799
2021-02,경남,24999
2021-02,제주,1036
2021-03,전국,421404
2021-03,서울,87031
2021-03,부산,44354
2021-03,대구,25789
2021-03,인천,22808
2021-03,광주,4001
2021-03,대전,9868
2021-03,울산,12878
2021-03,세종,5720
2021-03,경기,110843
2021-03,강원,10838
2021-03,충북,11843
2021-03,충남,17540
2021-03,전북,9258
2021-03,전남,4983
2021-03,경북,15948
2021-03,경남,26467
2021-03,제주,1235
2021-04,전국,417945
2021-04,서울,87203
2021-04,부산,43350
2021-04,대구,26524
2021-04,인천,21768
2021-04,광주,3902
2021-04,대전,9627
2021-04,울산,13111
2021-04,세종,5660
2021-04,경기,111106
2021-04,강원,10580
2021-04,충북,11053
2021-04,충남,17479
2021-04,전북,9172
2021-04,전남,5031
2021-04,경북,15231
2021-04,경남,26019
2021-04,제주,1129
2021-05,전국,391280
2021-05,서울,82332
2021-05,부산,40530
2021-05,대구,26115
2021-05,인천,19736
2021-05,광주,3473
2021-05,대전,8878
2021-05,울산,12444
2021-05,세종,5533
2021-05,경기,103997
2021-05,강원,9939
2021-05,충북,9940
2021-05,충남,16358
2021-05,전북,8094
2021-05,전남,4760
2021-05,경북,13900
2021-05,경남,24197
2021-05,제주,1054
2021-06,전국,382376
2021-06,서울,80468
2021-06,부산,39013
2021-06,대구,26776
2021-06,인천,19509
2021-06,광주,3463
2021-06,대전,8901
2021-06,울산,12134
2021-06,세종,5740
2021-06,경기,99736
2021-06,강원,9826
2021-06,충북,9498
2021-06,충남,15670
2021-06,전북,8057
2021-06,전남,5000
2021-06,경북,13582
2021-06,경남,23936
2021-06,제주,1067
2021-07,전국,357991
2021-07,서울,75668
2021-07,부산,36654
2021-07,대구,27100
2021-07,인천,18004
2021-07,광주,3083
2021-07,대전,8707
2021-07,울산,11376
2021-07,세종,5821
2021-07,경기,90979
2021-07,강원,8885
2021-07,충북,9044
2021-07,충남,14469
2021-07,전북,7652
2021-07,전남,4735
2021-07,경북,12700
2021-07,경남,22073
2021-07,제주,1041
2021-08,전국,354020
2021-08,서울,75273
2021-08,부산,35488
2021-08,대구,28511
2021-08,인천,17745
2021-08,광주,2762
2021-08,대전,9643
2021-08,울산,11238
2021-08,세종,5998
2021-08,경기,89308
2021-08,강원,8628
2021-08,충북,8837
2021-08,충남,14224
2021-08,전북,7351
2021-08,전남,4875
2021-08,경북,12224
2021-08,경남,20944
2021-08,제주,971
2021-09,전국,370919
2021-09,서울,78280
2021-09,부산,36739
2021-09,대구,29903
2021-09,인천,18705
2021-09,광주,2581
2021-09,대전,10964
2021-09,울산,11427
2021-09,세종,6404
2021-09,경기,95845
2021-09,강원,8656
2021-09,충북,8827
2021-09,충남,14587
2021-09,전북,7529
2021-09,전남,5425
2021-09,경북,12269
2021-09,경남,21743
2021-09,제주,1035
2021-10,전국,423008
2021-10,서울,89581
2021-10,부산,40918
2021-10,대구,32685
2021-10,인천,22330
2021-10,광주,2773
2021-10,대전,13297
2021-10,울산,12534
2021-10,세종,7239
2021-10,경기,111259
2021-10,강원,9182
2021-10,충북,10570
2021-10,충남,16775
2021-10,전북,8634
2021-10,전남,6248
2021-10,경북,13450
2021-10,경남,24390
2021-10,제주,1143
2021-11,전국,451202
2021-11,서울,94194
2021-11,부산,43184
2021-11,대구,34192
2021-11,인천,24439
2021-11,광주,3154
2021-11,대전,14301
2021-11,울산,13180
2021-11,세종,7469
2021-11,경기,120321
2021-11,강원,9736
2021-11,충북,11562
2021-11,충남,17829
2021-11,전북,8924
2021-11,전남,6692
2021-11,경북,14725
2021-11,경남,26028
2021-11,제주,1272
2021-12,전국,472285
2021-12,서울,97249
2021-12,부산,44836
2021-12,대구,35352
2021-12,인천,26305
2021-12,광주,3554
2021-12,대전,14951
2021-12,울산,13435
2021-12,세종,7902
2021-12,경기,127655
2021-12,강원,10083
2021-12,충북,11993
2021-12,충남,18709
2021-12,전북,9385
2021-12,전남,7083
2021-12,경북,15582
2021-12,경남,26919
2021-12,제주,1292
2022-01,전국,483787
2022-01,서울,95980
2022-01,부산,45816
2022-01,대구,36916
2022-01,인천,28217
2022-01,광주,3840
2022-01,대전,15517
2022-01,울산,13698
2022-01,세종,7965
2022-01,경기,130981
2022-01,강원,10460
2022-01,충북,12606
2022-01,충남,19494
2022-01,전북,9777
2022-01,전남,7380
2022-01,경북,15638
2022-01,경남,28206
2022-01,제주,1296
2022-02,전국,498165
2022-02,서울,96975
2022-02,부산,47201
2022-02,대구,38221
2022-02,인천,29566
2022-02,광주,4745
2022-02,대전,15899
2022-02,울산,14142
2022-02,세종,7846
2022-02,경기,135174
2022-02,강원,10500
2022-02,충북,12755
2022-02,충남,20504
2022-02,전북,10573
2022-02,전남,7646
2022-02,경북,16337
2022-02,경남,28886
2022-02,제주,1195
2022-03,전국,526908
2022-03,서울,98819
2022-03,부산,49356
2022-03,대구,39164
2022-03,인천,32285
2022-03,광주,12356
2022-03,대전,16643
2022-03,울산,14558
2022-03,세종,7921
2022-03,경기,143172
2022-03,강원,11218
2022-03,충북,13052
2022-03,충남,21354
2022-03,전북,11041
2022-03,전남,8085
2022-03,경북,16698
2022-03,경남,29891
2022-03,제주,1295
2022-04,전국,544476
2022-04,서울,97388
2022-04,부산,51202
2022-04,대구,41567
2022-04,인천,34777
2022-04,광주,13997
2022-04,대전,17128
2022-04,울산,14813
2022-04,세종,8252
2022-04,경기,152609
2022-04,강원,11179
2022-04,충북,12681
2022-04,충남,21751
2022-04,전북,11431
2022-04,전남,8093
2022-04,경북,16464
2022-04,경남,29837
2022-04,제주,1307
2022-05,전국,574165
2022-05,서울,102630
2022-05,부산,55365
2022-05,대구,43307
2022-05,인천,37946
2022-05,광주,15557
2022-05,대전,18025
2022-05,울산,15176
2022-05,세종,8522
2022-05,경기,163652
2022-05,강원,11258
2022-05,충북,12864
2022-05,충남,22235
2022-05,전북,11763
2022-05,전남,8071
2022-05,경북,16699
2022-05,경남,29882
2022-05,제주,1213
2022-06,전국,608439
2022-06,서울,110137
2022-06,부산,58486
2022-06,대구,45029
2022-06,인천,40573
2022-06,광주,16740
2022-06,대전,18645
2022-06,울산,15762
2022-06,세종,8633
2022-06,경기,176115
2022-06,강원,11657
2022-06,충북,13142
2022-06,충남,22861
2022-06,전북,12431
2022-06,전남,8421
2022-06,경북,17417
2022-06,경남,31100
2022-06,제주,1290
2022-07,전국,629801
2022-07,서울,114543
2022-07,부산,60772
2022-07,대구,47196
2022-07,인천,41890
2022-07,광주,17369
2022-07,대전,18962
2022-07,울산,16015
2022-07,세종,8730
2022-07,경기,183550
2022-07,강원,11782
2022-07,충북,13513
2022-07,충남,23235
2022-07,전북,12871
2022-07,전남,8661
2022-07,경북,18071
2022-07,경남,31269
2022-07,제주,1372
2022-08,전국,652560
2022-08,서울,117843
2022-08,부산,63091
2022-08,대구,49022
2022-08,인천,42965
2022-08,광주,18733
2022-08,대전,19036
2022-08,울산,16229
2022-08,세종,9020
2022-08,경기,190761
2022-08,강원,12287
2022-08,충북,13803
2022-08,충남,24182
2022-08,전북,13952
2022-08,전남,9276
2022-08,경북,18801
2022-08,경남,32031
2022-08,제주,1528
2022-09,전국,685212
2022-09,서울,124762
2022-09,부산,66228
2022-09,대구,50461
2022-09,인천,45191
2022-09,광주,19709
2022-09,대전,19726
2022-09,울산,16761
2022-09,세종,9233
2022-09,경기,200667
2022-09,강원,13079
2022-09,충북,14528
2022-09,충남,25332
2022-09,전북,15222
2022-09,전남,9636
2022-09,경북,19539
2022-09,경남,33439
2022-09,제주,1699
2022-10,전국,702578
2022-10,서울,130752
2022-10,부산,67769
2022-10,대구,50608
2022-10,인천,46007
2022-10,광주,19853
2022-10,대전,19774
2022-10,울산,17136
2022-10,세종,9401
2022-10,경기,205211
2022-10,강원,13649
2022-10,충북,15116
2022-10,충남,26010
2022-10,전북,15678
2022-10,전남,9694
2022-10,경북,20165
2022-10,경남,33885
2022-10,제주,1870
2022-11,전국,736029
2022-11,서울,138410
2022-11,부산,71414
2022-11,대구,52393
2022-11,인천,48290
2022-11,광주,20755
2022-11,대전,20772
2022-11,울산,17968
2022-11,세종,9624
2022-11,경기,213259
2022-11,강원,14903
2022-11,충북,15721
2022-11,충남,27532
2022-11,전북,16972
2022-11,전남,9700
2022-11,경북,21103
2022-11,경남,35043
2022-11,제주,2170
2022-12,전국,718279
2022-12,서울,136788
2022-12,부산,69694
2022-12,대구,50874
2022-12,인천,47964
2022-12,광주,20016
2022-12,대전,19974
2022-12,울산,17380
2022-12,세종,9420
2022-12,경기,206190
2022-12,강원,14896
2022-12,충북,15305
2022-12,충남,27099
2022-12,전북,16615
2022-12,전남,9687
2022-12,경북,20664
2022-12,경남,33551
2022-12,제주,2162
2023-01,전국,700456
2023-01,서울,132211
2023-01,부산,67949
2023-01,대구,50418
2023-01,인천,46961
2023-01,광주,19806
2023-01,대전,19254
2023-01,울산,17213
2023-01,세종,8814
2023-01,경기,199428
2023-01,강원,14880
2023-01,충북,15012
2023-01,충남,26503
2023-01,전북,16778
2023-01,전남,9181
2023-01,경북,20614
2023-01,경남,33231
2023-01,제주,2203
2023-02,전국,713753
2023-02,서울,134089
2023-02,부산,69756
2023-02,대구,51946
2023-02,인천,47275
2023-02,광주,20478
2023-02,대전,19262
2023-02,울산,17711
2023-02,세종,8493
2023-02,경기,202228
2023-02,강원,15578
2023-02,충북,15035
2023-02,충남,26864
2023-02,전북,17478
2023-02,전남,9539
2023-02,경북,21344
2023-02,경남,34319
2023-02,제주,2358
2023-03,전국,710064
2023-03,서울,130584
2023-03,부산,69753
2023-03,대구,52492
2023-03,인천,47549
2023-03,광주,20231
2023-03,대전,18802
2023-03,울산,18153
2023-03,세종,8398
2023-03,경기,200412
2023-03,강원,15578
2023-03,충북,15227
2023-03,충남,26676
2023-03,전북,17402
2023-03,전남,9262
2023-03,경북,21947
2023-03,경남,35080
2023-03,제주,2518
2023-04,전국,698285
2023-04,서울,128127
2023-04,부산,69131
2023-04,대구,52206
2023-04,인천,47320
2023-04,광주,19847
2023-04,대전,17985
2023-04,울산,18447
2023-04,세종,8152
2023-04,경기,193085
2023-04,강원,15711
2023-04,충북,14985
2023-04,충남,27223
2023-04,전북,17297
2023-04,전남,8997
2023-04,경북,22094
2023-04,경남,35054
2023-04,제주,2624
2023-05,전국,687874
2023-05,서울,123589
2023-05,부산,68691
2023-05,대구,52217
2023-05,인천,46568
2023-05,광주,19966
2023-05,대전,17599
2023-05,울산,18301
2023-05,세종,7861
2023-05,경기,188641
2023-05,강원,15666
2023-05,충북,15363
2023-05,충남,27482
2023-05,전북,17165
2023-05,전남,9056
2023-05,경북,22035
2023-05,경남,35041
2023-05,제주,2633
2023-06,전국,677326
2023-06,서울,121930
2023-06,부산,68611
2023-06,대구,51017
2023-06,인천,45659
2023-06,광주,19742
2023-06,대전,17197
2023-06,울산,17958
2023-06,세종,7889
2023-06,경기,184424
2023-06,강원,15340
2023-06,충북,15249
2023-06,충남,27671
2023-06,전북,16399
2023-06,전남,8871
2023-06,경북,21904
2023-06,경남,34748
2023-06,제주,2717
2023-07,전국,651413
2023-07,서울,117570
2023-07,부산,66719
2023-07,대구,49579
2023-07,인천,42914
2023-07,광주,19141
2023-07,대전,16379
2023-07,울산,17143
2023-07,세종,7944
2023-07,경기,177258
2023-07,강원,14692
2023-07,충북,14268
2023-07,충남,26346
2023-07,전북,15336
2023-07,전남,8401
2023-07,경북,21373
2023-07,경남,33885
2023-07,제주,2465
2023-08,전국,671962
2023-08,서울,121196
2023-08,부산,69333
2023-08,대구,50776
2023-08,인천,44213
2023-08,광주,20579
2023-08,대전,16601
2023-08,울산,17898
2023-08,세종,8427
2023-08,경기,179729
2023-08,강원,15200
2023-08,충북,14733
2023-08,충남,27528
2023-08,전북,16043
2023-08,전남,8884
2023-08,경북,22398
2023-08,경남,35868
2023-08,제주,2556
2023-09,전국,669872
2023-09,서울,121902
2023-09,부산,68929
2023-09,대구,50946
2023-09,인천,43327
2023-09,광주,20743
2023-09,대전,16926
2023-09,울산,17558
2023-09,세종,8798
2023-09,경기,178381
2023-09,강원,15279
2023-09,충북,14424
2023-09,충남,27349
2023-09,전북,15756
2023-09,전남,8944
2023-09,경북,22454
2023-09,경남,35575
2023-09,제주,2581
2023-10,전국,736358
2023-10,서울,130859
2023-10,부산,74885
2023-10,대구,55375
2023-10,인천,47340
2023-10,광주,23116
2023-10,대전,18732
2023-10,울산,18858
2023-10,세종,10142
2023-10,경기,198540
2023-10,강원,16901
2023-10,충북,15718
2023-10,충남,30476
2023-10,전북,17839
2023-10,전남,9948
2023-10,경북,24943
2023-10,경남,39701
2023-10,제주,2985
2023-11,전국,753305
2023-11,서울,135190
2023-11,부산,75894
2023-11,대구,55767
2023-11,인천,47448
2023-11,광주,23903
2023-11,대전,19112
2023-11,울산,19188
2023-11,세종,11132
2023-11,경기,204400
2023-11,강원,17196
2023-11,충북,15991
2023-11,충남,31643
2023-11,전북,17887
2023-11,전남,10118
2023-11,경북,25245
2023-11,경남,40189
2023-11,제주,3002
2023-12,전국,735215
2023-12,서울,130063
2023-12,부산,73789
2023-12,대구,54840
2023-12,인천,45872
2023-12,광주,24400
2023-12,대전,19311
2023-12,울산,18484
2023-12,세종,11257
2023-12,경기,200161
2023-12,강원,17121
2023-12,충북,15810
2023-12,충남,31305
2023-12,전북,17101
2023-12,전남,9811
2023-12,경북,24433
2023-12,경남,38473
2023-12,제주,2984
2024-01,전국,755966
2024-01,서울,131951
2024-01,부산,75373
2024-01,대구,56558
2024-01,인천,47103
2024-01,광주,25487
2024-01,대전,20429
2024-01,울산,18497
2024-01,세종,11596
2024-01,경기,205589
2024-01,강원,17810
2024-01,충북,17171
2024-01,충남,32240
2024-01,전북,17585
2024-01,전남,10122
2024-01,경북,25515
2024-01,경남,39847
2024-01,제주,3093
2024-02,전국,760477
2024-02,서울,130914
2024-02,부산,74865
2024-02,대구,57190
2024-02,인천,47167
2024-02,광주,26153
2024-02,대전,20901
2024-02,울산,18129
2024-02,세종,11599
2024-02,경기,208358
2024-02,강원,18192
2024-02,충북,17650
2024-02,충남,31866
2024-02,전북,17553
2024-02,전남,10214
2024-02,경북,26114
2024-02,경남,40461
2024-02,제주,3151
2024-03,전국,761132
2024-03,서울,132235
2024-03,부산,74077
2024-03,대구,57675
2024-03,인천,46687
2024-03,광주,25022
2024-03,대전,21221
2024-03,울산,17746
2024-03,세종,11792
2024-03,경기,209718
2024-03,강원,18172
2024-03,충북,18196
2024-03,충남,31514
2024-03,전북,17178
2024-03,전남,9978
2024-03,경북,25736
2024-03,경남,41135
2024-03,제주,3050
2024-04,전국,756455
2024-04,서울,130877
2024-04,부산,73769
2024-04,대구,56851
2024-04,인천,46202
2024-04,광주,25212
2024-04,대전,21587
2024-04,울산,17319
2024-04,세종,11688
2024-04,경기,209318
2024-04,강원,18395
2024-04,충북,18649
2024-04,충남,30597
2024-04,전북,16818
2024-04,전남,10064
2024-04,경북,25890
2024-04,경남,40052
2024-04,제주,3167
2024-05,전국,757058
2024-05,서울,129754
2024-05,부산,74563
2024-05,대구,56341
2024-05,인천,45658
2024-05,광주,25074
2024-05,대전,22143
2024-05,울산,17188
2024-05,세종,11776
2024-05,경기,210197
2024-05,강원,18794
2024-05,충북,18986
2024-05,충남,30236
2024-05,전북,16748
2024-05,전남,10240
2024-05,경북,25583
2024-05,경남,40611
2024-05,제주,3166
2024-06,전국,740266
2024-06,서울,125781
2024-06,부산,73737
2024-06,대구,55477
2024-06,인천,44277
2024-06,광주,24551
2024-06,대전,22240
2024-06,울산,16827
2024-06,세종,11638
2024-06,경기,203408
2024-06,강원,18441
2024-06,충북,18749
2024-06,충남,30137
2024-06,전북,16427
2024-06,전남,10161
2024-06,경북,25130
2024-06,경남,40095
2024-06,제주,3190
2024-07,전국,725132
2024-07,서울,121477
2024-07,부산,73564
2024-07,대구,54676
2024-07,인천,42733
2024-07,광주,24589
2024-07,대전,22442
2024-07,울산,16249
2024-07,세종,11429
2024-07,경기,196810
2024-07,강원,18271
2024-07,충북,18510
2024-07,충남,29712
2024-07,전북,16509
2024-07,전남,10214
2024-07,경북,25125
2024-07,경남,39712
2024-07,제주,3110
2024-08,전국,720568
2024-08,서울,122383
2024-08,부산,72954
2024-08,대구,53516
2024-08,인천,42782
2024-08,광주,24447
2024-08,대전,22130
2024-08,울산,15824
2024-08,세종,11076
2024-08,경기,195143
2024-08,강원,18360
2024-08,충북,18743
2024-08,충남,29459
2024-08,전북,16666
2024-08,전남,10351
2024-08,경북,24656
2024-08,경남,39058
2024-08,제주,3020
2024-09,전국,728436
2024-09,서울,126941
2024-09,부산,72051
2024-09,대구,53126
2024-09,인천,43547
2024-09,광주,24742
2024-09,대전,22152
2024-09,울산,15623
2024-09,세종,11134
2024-09,경기,198529
2024-09,강원,18377
2024-09,충북,18741
2024-09,충남,29950
2024-09,전북,16245
2024-09,전남,10657
2024-09,경북,24528
2024-09,경남,39137
2024-09,제주,2956
2024-10,전국,764633
2024-10,서울,137681
2024-10,부산,73592
2024-10,대구,54045
2024-10,인천,47348
2024-10,광주,25626
2024-10,대전,23315
2024-10,울산,15644
2024-10,세종,11305
2024-10,경기,209514
2024-10,강원,19399
2024-10,충북,19321
2024-10,충남,30919
2024-10,전북,16980
2024-10,전남,11508
2024-10,경북,25125
2024-10,경남,40145
2024-10,제주,3166
2024-11,전국,788982
2024-11,서울,142529
2024-11,부산,75449
2024-11,대구,55037
2024-11,인천,49643
2024-11,광주,26668
2024-11,대전,24395
2024-11,울산,15651
2024-11,세종,11688
2024-11,경기,216452
2024-11,강원,20300
2024-11,충북,19743
2024-11,충남,32079
2024-11,전북,17057
2024-11,전남,11898
2024-11,경북,25536
2024-11,경남,41597
2024-11,제주,3260
2024-12,전국,778546
2024-12,서울,138982
2024-12,부산,73452
2024-12,대구,53992
2024-12,인천,50089
2024-12,광주,26858
2024-12,대전,24547
2024-12,울산,15493
2024-12,세종,11340
2024-12,경기,214817
2024-12,강원,20234
2024-12,충북,19236
2024-12,충남,31865
2024-12,전북,16727
2024-12,전남,11570
2024-12,경북,25283
2024-12,경남,40841
2024-12,제주,3220
2025-01,전국,729134
2025-01,서울,130812
2025-01,부산,68403
2025-01,대구,50188
2025-01,인천,47700
2025-01,광주,25268
2025-01,대전,23191
2025-01,울산,14305
2025-01,세종,10507
2025-01,경기,203504
2025-01,강원,18283
2025-01,충북,17554
2025-01,충남,29460
2025-01,전북,15039
2025-01,전남,10979
2025-01,경북,22733
2025-01,경남,38268
2025-01,제주,2940
2025-02,전국,810820
2025-02,서울,141596
2025-02,부산,77156
2025-02,대구,54668
2025-02,인천,53611
2025-02,광주,27906
2025-02,대전,26590
2025-02,울산,15860
2025-02,세종,11087
2025-02,경기,226455
2025-02,강원,21265
2025-02,충북,20052
2025-02,충남,32924
2025-02,전북,17331
2025-02,전남,12403
2025-02,경북,25551
2025-02,경남,43051
2025-02,제주,3314
2025-03,전국,795414
2025-03,서울,134833
2025-03,부산,76591
2025-03,대구,53153
2025-03,인천,53652
2025-03,광주,27569
2025-03,대전,26574
2025-03,울산,15371
2025-03,세종,10145
2025-03,경기,225007
2025-03,강원,20949
2025-03,충북,19644
2025-03,충남,32577
2025-03,전북,16833
2025-03,전남,11997
2025-03,경북,24864
2025-03,경남,42394
2025-03,제주,3261
2025-04,전국,802801
2025-04,서울,133699
2025-04,부산,77736
2025-04,대구,53650
2025-04,인천,54457
2025-04,광주,27695
2025-04,대전,26384
2025-04,울산,15241
2025-04,세종,8566
2025-04,경기,230266
2025-04,강원,21654
2025-04,충북,20346
2025-04,충남,33479
2025-04,전북,17325
2025-04,전남,12123
2025-04,경북,24934
2025-04,경남,41817
2025-04,제주,3429
2025-05,전국,783989
2025-05,서울,127880
2025-05,부산,75719
2025-05,대구,52292
2025-05,인천,53733
2025-05,광주,26879
2025-05,대전,25820
2025-05,울산,14811
2025-05,세종,8698
2025-05,경기,227233
2025-05,강원,21259
2025-05,충북,19969
2025-05,충남,32889
2025-05,전북,16761
2025-05,전남,11895
2025-05,경북,24323
2025-05,경남,40310
2025-05,제주,3518
2025-06,전국,741154
2025-06,서울,117537
2025-06,부산,72288
2025-06,대구,49685
2025-06,인천,51516
2025-06,광주,25965
2025-06,대전,24640
2025-06,울산,14024
2025-06,세종,8895
2025-06,경기,214115
2025-06,강원,20287
2025-06,충북,19259
2025-06,충남,31553
2025-06,전북,15705
2025-06,전남,11199
2025-06,경북,22893
2025-06,경남,38368
2025-06,제주,3225
2025-07,전국,743089
2025-07,서울,117483
2025-07,부산,71989
2025-07,대구,49702
2025-07,인천,52783
2025-07,광주,25805
2025-07,대전,24283
2025-07,울산,14055
2025-07,세종,9109
2025-07,경기,216220
2025-07,강원,20442
2025-07,충북,19170
2025-07,충남,31751
2025-07,전북,15680
2025-07,전남,10965
2025-07,경북,22592
2025-07,경남,37814
2025-07,제주,3246
2025-08,전국,749156
2025-08,서울,119558
2025-08,부산,72013
2025-08,대구,49712
2025-08,인천,53377
2025-08,광주,26218
2025-08,대전,23922
2025-08,울산,14123
2025-08,세종,9243
2025-08,경기,218757
2025-08,강원,20895
2025-08,충북,19621
2025-08,충남,31909
2025-08,전북,15733
2025-08,전남,10660
2025-08,경북,22483
2025-08,경남,37678
2025-08,제주,3254
2025-09,전국,750807
2025-09,서울,119764
2025-09,부산,72014
2025-09,대구,49436
2025-09,인천,53919
2025-09,광주,26837
2025-09,대전,23872
2025-09,울산,14262
2025-09,세종,9568
2025-09,경기,217596
2025-09,강원,21424
2025-09,충북,19996
2025-09,충남,31886
2025-09,전북,15661
2025-09,전남,10818
2025-09,경북,22868
2025-09,경남,37670
2025-09,제주,3216
2025-10,전국,729211
2025-10,서울,110226
2025-10,부산,71161
2025-10,대구,49037
2025-10,인천,53116
2025-10,광주,26988
2025-10,대전,23720
2025-10,울산,14058
2025-10,세종,9708
2025-10,경기,207505
2025-10,강원,21766
2025-10,충북,20090
2025-10,충남,31969
2025-10,전북,15511
2025-10,전남,10780
2025-10,경북,22680
2025-10,경남,37640
2025-10,제주,3256
2025-11,전국,717923
2025-11,서울,108086
2025-11,부산,70468
2025-11,대구,48134
2025-11,인천,52448
2025-11,광주,27359
2025-11,대전,23159
2025-11,울산,14201
2025-11,세종,10026
2025-11,경기,201566
2025-11,강원,22042
2025-11,충북,19513
2025-11,충남,31794
2025-11,전북,15013
2025-11,전남,10732
2025-11,경북,22724
2025-11,경남,37419
2025-11,제주,3239
2025-12,전국,706297
2025-12,서울,102278
2025-12,부산,69853
2025-12,대구,47868
2025-12,인천,52399
2025-12,광주,27931
2025-12,대전,23153
2025-12,울산,14217
2025-12,세종,10055
2025-12,경기,197011
2025-12,강원,22034
2025-12,충북,19069
2025-12,충남,32074
2025-12,전북,15017
2025-12,전남,10773
2025-12,경북,22564
2025-12,경남,36919
2025-12,제주,3082
2026-01,전국,697053
2026-01,서울,99348
2026-01,부산,69630
2026-01,대구,47353
2026-01,인천,52226
2026-01,광주,29010
2026-01,대전,23236
2026-01,울산,14333
2026-01,세종,9961
2026-01,경기,192817
2026-01,강원,21761
2026-01,충북,18475
2026-01,충남,32181
2026-01,전북,14734
2026-01,전남,10386
2026-01,경북,22069
2026-01,경남,36422
2026-01,제주,3111
2026-02,전국,718022
2026-02,서울,107725
2026-02,부산,70817
2026-02,대구,47555
2026-02,인천,53583
2026-02,광주,29971
2026-02,대전,23157
2026-02,울산,14695
2026-02,세종,10387
2026-02,경기,200214
2026-02,강원,21955
2026-02,충북,18658
2026-02,충남,32087
2026-02,전북,14942
2026-02,전남,10252
2026-02,경북,22054
2026-02,경남,36746
2026-02,제주,3224
2026-03,전국,723587
2026-03,서울,107757
2026-03,부산,72281
2026-03,대구,47050
2026-03,인천,54594
2026-03,광주,30959
2026-03,대전,23798
2026-03,울산,15040
2026-03,세종,10569
2026-03,경기,200067
2026-03,강원,22273
2026-03,충북,18648
2026-03,충남,32375
2026-03,전북,15070
2026-03,전남,10439
2026-03,경북,22312
2026-03,경남,37051
2026-03,제주,3304
2026-04,전국,711296
2026-04,서울,102893
2026-04,부산,72800
2026-04,대구,47160
2026-04,인천,53976
2026-04,광주,30877
2026-04,대전,23782
2026-04,울산,15159
2026-04,세종,10708
2026-04,경기,193335
2026-04,강원,22123
2026-04,충북,18055
2026-04,충남,32373
2026-04,전북,15145
2026-04,전남,10366
2026-04,경북,22237
2026-04,경남,36927
2026-04,제주,3380
2026-05,전국,687677
2026-05,서울,94225
2026-05,부산,73038
2026-05,대구,46279
2026-05,인천,53183
2026-05,광주,30991
2026-05,대전,23504
2026-05,울산,15276
2026-05,세종,10769
2026-05,경기,183202
2026-05,강원,21810
2026-05,충북,17537
2026-05,충남,32259
2026-05,전북,14951
2026-05,전남,10127
2026-05,경북,21637
2026-05,경남,35627
2026-05,제주,3262
2026-06,전국,685245
2026-06,서울,98101
2026-06,부산,72887
2026-06,대구,45720
2026-06,인천,52838
2026-06,광주,30887
2026-06,대전,23635
2026-06,울산,15559
2026-06,세종,10965
2026-06,경기,177836
2026-06,강원,21995
2026-06,충북,17380
2026-06,충남,32391
2026-06,전북,14762
2026-06,전남,10095
2026-06,경북,21732
2026-06,경남,35130
2026-06,제주,3332
